nombre,primera_temporada,ultima_temporada,temporadas_en_primera
Alavés,2016-17,2025-26,9
Almería,2013-14,2023-24,4
Athletic Club,2012-13,2025-26,14
Atlético de Madrid,2012-13,2025-26,14
Barcelona,2012-13,2025-26,14
Celta de Vigo,2012-13,2025-26,14
Cádiz,2020-21,2023-24,4
Córdoba,2014-15,2014-15,1
Deportivo de La Coruña,2012-13,2017-18,5
Eibar,2014-15,2020-21,7
Elche,2013-14,2025-26,6
Espanyol,2012-13,2025-26,12
Getafe,2012-13,2025-26,13
Girona,2017-18,2025-26,6
Granada,2012-13,2023-24,9
Huesca,2018-19,2020-21,2
Las Palmas,2015-16,2024-25,5
Leganés,2016-17,2024-25,5
Levante,2012-13,2025-26,10
Mallorca,2012-13,2025-26,7
Málaga,2012-13,2017-18,6
Osasuna,2012-13,2025-26,10
Rayo Vallecano,2012-13,2025-26,10
Real Betis,2012-13,2025-26,13
Real Madrid,2012-13,2025-26,14
Real Oviedo,2025-26,2025-26,1
Real Sociedad,2012-13,2025-26,14
Real Valladolid,2012-13,2024-25,7
Real Zaragoza,2012-13,2012-13,1
Sevilla,2012-13,2025-26,14
Sporting de Gijón,2015-16,2016-17,2
Valencia,2012-13,2025-26,14
Villarreal,2013-14,2025-26,13
