comparacion,modelo_base,modelo_nuevo,metrica,partidos,valor_base,valor_nuevo,diferencia,cambio_relativo_vs_base,ic95_inferior,ic95_superior,ic_simultaneo_inferior,ic_simultaneo_superior,contraste,estadistico,p_valor,aciertos_solo_base,aciertos_solo_nuevo,p_holm,evidencia,fraccion_de_la_mejora_elo,ic95_semanas_inferior,ic95_semanas_superior,ic95_local_temporada_inferior,ic95_local_temporada_superior
A · Elo → Elo + forma,Solo Elo,Elo + forma (elegido),RPS,705,0.19862636010261467,0.19870304552671314,7.668542409848136e-05,0.00038607878661655996,-0.0020991467368328674,0.002219867964956094,-0.0030442969196636154,0.0031475850297254335,t pareada de diferencias de pérdida (= DM con h=1),0.06879324383600385,0.945173730315718,,,1.0,Sin evidencia suficiente para afirmar una diferencia,-0.0028084567329688627,-0.0020381159153470096,0.0022195952454658026,-0.0020419498230465983,0.002243597916839598
A · Elo → Elo + forma,Solo Elo,Elo + forma (elegido),log_loss,705,0.9740742665964092,0.975100637823384,0.0010263712269747065,0.0010536888840735237,-0.006064384876079769,0.008007760846665588,-0.008694256926374766,0.010792695654985827,t pareada de diferencias de pérdida (= DM con h=1),0.2856206929944564,0.7752526680242243,,,1.0,Sin evidencia suficiente para afirmar una diferencia,-0.012328135068515838,-0.0058397512597077005,0.007928319321775259,-0.005890087468910889,0.008045105139645483
A · Elo → Elo + forma,Solo Elo,Elo + forma (elegido),acierto,705,0.526241134751773,0.5361702127659574,0.009929078014184398,0.01886792452830189,-0.0068710432250914015,0.024756063678140018,-0.01295964935343207,0.029338681887312926,McNemar exacto,,0.28104151505976915,12.0,19.0,1.0,Sin evidencia suficiente para afirmar una diferencia,0.1794871794871796,,,,
B · Elo → Elo + forma + estilo,Solo Elo,Completo con estilo (informativo),RPS,705,0.19862636010261467,0.19733920368601862,-0.0012871564165960387,-0.0064802900074847365,-0.0038830951775469403,0.001309957433875114,-0.004958329006166839,0.00234921683409379,t pareada de diferencias de pérdida (= DM con h=1),-0.968862061056096,0.3329467475595483,,,1.0,Sin evidencia suficiente para afirmar una diferencia,0.04713963764392622,-0.003788383795197742,0.001257803894507789,-0.0037990361596651283,0.0013934858626821625
B · Elo → Elo + forma + estilo,Solo Elo,Completo con estilo (informativo),log_loss,705,0.9740742665964092,0.9705672206115328,-0.003507045984876444,-0.003600388702527472,-0.011922755385347582,0.004905192243378926,-0.0156939107512813,0.008333066068400225,t pareada de diferencias de pérdida (= DM con h=1),-0.8176591475410543,0.41382848280591406,,,1.0,Sin evidencia suficiente para afirmar una diferencia,0.042124462822766204,-0.011823413027933551,0.00501287011823457,-0.01184437493277425,0.005442352867079624
B · Elo → Elo + forma + estilo,Solo Elo,Completo con estilo (informativo),acierto,705,0.526241134751773,0.548936170212766,0.02269503546099291,0.0431266846361186,0.003935740680383162,0.037943012267434253,-0.0033943995803219643,0.042532647304128667,McNemar exacto,,0.01658900337497471,12.0,28.0,0.14930103037477238,"Sin evidencia suficiente tras corregir por multiplicidad (p sin ajustar < 0,05)",0.4102564102564105,,,,
C · Elo + forma → Elo + forma + estilo,Elo + forma (elegido),Completo con estilo (informativo),RPS,705,0.19870304552671314,0.19733920368601862,-0.0013638418406945203,-0.00686371885785298,-0.0030636972435585273,0.00031481651099435955,-0.003806767015831508,0.000978263266538233,t pareada de diferencias de pérdida (= DM con h=1),-1.586775016409532,0.11301263042298393,,,0.7451171875,Sin evidencia suficiente para afirmar una diferencia,0.04994809437689509,-0.0030350493463554063,0.00037584241091472346,-0.002806982548772407,0.00010558300659930085
C · Elo + forma → Elo + forma + estilo,Elo + forma (elegido),Completo con estilo (informativo),log_loss,705,0.975100637823384,0.9705672206115328,-0.004533417211851149,-0.004649178798580859,-0.009926932047434778,0.000831770204567116,-0.01223022371594171,0.003127706252727488,t pareada de diferencias de pérdida (= DM con h=1),-1.6428365999206913,0.10086327989513079,,,0.7451171875,Sin evidencia suficiente para afirmar una diferencia,0.054452597891282026,-0.009784596392937262,0.0008658277335450429,-0.009203396618130811,0.00022679966009914022
C · Elo + forma → Elo + forma + estilo,Elo + forma (elegido),Completo con estilo (informativo),acierto,705,0.5361702127659574,0.548936170212766,0.01276595744680851,0.023809523809523808,-0.0019047044487819902,0.02400463479984029,-0.007293723340646793,0.026897335250251155,McNemar exacto,,0.0931396484375,7.0,16.0,0.7451171875,Sin evidencia suficiente para afirmar una diferencia,0.2307692307692309,,,,
