conjunto,modelo,temporada,partidos,rps,log_loss,acierto
test,Completo con estilo (informativo),2024-25,352,0.19752122746831083,0.9786040652917677,0.5511363636363636
test,Completo con estilo (informativo),2025-26,353,0.19715769498862962,0.9625531431802118,0.546742209631728
test,Elo + forma (elegido),2024-25,352,0.19866367153341943,0.9819893885562585,0.5369318181818182
test,Elo + forma (elegido),2025-26,353,0.198742310429755,0.9682314130206578,0.5354107648725213
test,Frecuencias históricas,2024-25,352,0.22943177630445513,1.0730727109685196,0.4403409090909091
test,Frecuencias históricas,2025-26,353,0.22244122490510607,1.041629180590062,0.5014164305949008
test,Solo Elo,2024-25,352,0.19732661773263976,0.9769455489932891,0.5284090909090909
test,Solo Elo,2025-26,353,0.19992241978917857,0.971211117016549,0.5240793201133145
validación,Completo con estilo (informativo),2019-20,351,0.20117348156545414,1.002222233944244,0.48717948717948717
validación,Completo con estilo (informativo),2020-21,352,0.1947783784745088,0.9844807523255877,0.5397727272727273
validación,Completo con estilo (informativo),2021-22,351,0.20119561157216298,1.0192721611695772,0.5071225071225072
validación,Completo con estilo (informativo),2022-23,353,0.2064462053321997,0.99688733841906,0.5495750708215298
validación,Completo con estilo (informativo),2023-24,351,0.18359618527701652,0.9512105947276208,0.5413105413105413
validación,Elo + forma (elegido),2019-20,351,0.1978312972754677,0.9919252790529072,0.4985754985754986
validación,Elo + forma (elegido),2020-21,352,0.19329382574505855,0.9787020075055584,0.5369318181818182
validación,Elo + forma (elegido),2021-22,351,0.2011886155739375,1.018081870389493,0.49572649572649574
validación,Elo + forma (elegido),2022-23,353,0.20583762340638048,0.9945932265958175,0.5410764872521246
validación,Elo + forma (elegido),2023-24,351,0.18344554079451864,0.9504179295881869,0.5356125356125356
validación,Frecuencias históricas,2019-20,351,0.22296128365371654,1.071165825863089,0.452991452991453
validación,Frecuencias históricas,2020-21,352,0.22721432064183908,1.079352999770823,0.4346590909090909
validación,Frecuencias históricas,2021-22,351,0.22487588095653288,1.0874441233037841,0.42165242165242167
validación,Frecuencias históricas,2022-23,353,0.2274555770891781,1.0553603541894185,0.4730878186968839
validación,Frecuencias históricas,2023-24,351,0.2250848328791295,1.0796116661845907,0.43304843304843305
validación,Solo Elo,2019-20,351,0.19881171022514074,0.9965394818512328,0.4985754985754986
validación,Solo Elo,2020-21,352,0.1940845915695954,0.980251149565044,0.5255681818181818
validación,Solo Elo,2021-22,351,0.19884350942011808,1.0119664072347798,0.50997150997151
validación,Solo Elo,2022-23,353,0.20703849117968995,0.9991119602549375,0.5354107648725213
validación,Solo Elo,2023-24,351,0.18839307893458068,0.9683035127244893,0.5242165242165242
test,Completo con estilo (informativo),Todas,705,0.19733920340401656,0.9705672206032864,0.548936170212766
test,Elo + forma (elegido),Todas,705,0.1987030467538541,0.9751006433590003,0.5361702127659574
test,Frecuencias históricas,Todas,705,0.22593154276690874,1.0573286454031359,0.47092198581560285
test,Solo Elo,Todas,705,0.19862635975527554,0.974074266031886,0.526241134751773
validación,Completo con estilo (informativo),Todas,1758,0.19744670786622867,0.990817921908351,0.5250284414106939
validación,Elo + forma (elegido),Todas,1758,0.19632848802828792,0.9867484177303846,0.5216154721274175
validación,Frecuencias históricas,Todas,1758,0.22552154760931695,1.0745678315907612,0.4431171786120592
validación,Solo Elo,Todas,1758,0.19744329716749248,0.9912372165258103,0.5187713310580204
test,Siempre gana el local,2024-25,352,,,0.4403409090909091
test,Siempre gana el local,2025-26,353,,,0.5014164305949008
validación,Siempre gana el local,2019-20,351,,,0.452991452991453
validación,Siempre gana el local,2020-21,352,,,0.4346590909090909
validación,Siempre gana el local,2021-22,351,,,0.42165242165242167
validación,Siempre gana el local,2022-23,353,,,0.4730878186968839
validación,Siempre gana el local,2023-24,351,,,0.43304843304843305
test,Siempre gana el local,Todas,705,,,0.47092198581560285
validación,Siempre gana el local,Todas,1758,,,0.4431171786120592
