conjunto,comparacion,mejora_rps,ic95_inferior,ic95_superior,supera_ruido,pliegues_en_los_que_mejora
validación,Añadir: fuerza (Elo),0.02807825044182448,0.02225389729265087,0.033725036555458845,sí,5 de 5
validación,Añadir: forma en puntos,0.0002636016218790117,-0.0003762081647779773,0.0008193059376079215,no,4 de 5
validación,Añadir: forma en xG,0.0008512075173255431,-0.000502593163283088,0.002248444912254827,no,4 de 5
validación,Añadir: estilo,-0.0006206246383710789,-0.00161068539332878,0.00046067501134575205,no,2 de 5
validación,Añadir: choque de estilos,-0.0004975951995696646,-0.0008880204203343019,-6.398885819165839e-05,empeora,2 de 5
validación,Quitar: fuerza,0.014714414168403876,0.010607953948119739,0.018487003257954458,sí,5 de 5
validación,Quitar: forma,0.00048333733206995814,-0.0007621838390496244,0.0017924095853677784,no,3 de 5
validación,Quitar: estilo y choque,-0.0011182198379407434,-0.002238326792132715,-3.197824114533708e-05,empeora,0 de 5
validación,Quitar: choque,-0.0004975951995696646,-0.0008981861797658215,-0.00011306555606654898,empeora,2 de 5
test,DECISIVA · forma sobre la fuerza,-7.668699857860173e-05,-0.002165344659602266,0.002066850748913967,no,
test,Informativa · fuerza (Elo),0.027305183011633222,0.017521909423108523,0.037769234362966184,sí,
test,Informativa · estilo y choque,0.0013638433498375595,-0.00029319030830074564,0.0029199152834876335,no,
test,Sobre frecuencias: Solo Elo,0.027305183011633222,0.01714171136895708,0.03727753845716536,sí,
test,Sobre frecuencias: Elo + forma (elegido),0.02722849601305462,0.01784515706320044,0.03733559832938316,sí,
test,Sobre frecuencias: Completo con estilo (informativo),0.028592339362892176,0.01757321360897625,0.03991220505367561,sí,
test,Sobre frecuencias: Techo: xG del partido (no es predicción),0.05573346706588917,0.04527601057820296,0.06652325366296226,sí,
