equipo,medida,temporadas,media_por_temporada,ic95_inferior,ic95_superior,temporadas_por_encima_de_la_liga,p,q_bh,persistente
Real Madrid,puntos,12,8.807525833333333,4.937806324793586,12.67724534187308,11,0.0003965672521688943,0.014537005084402976,True
Atlético de Madrid,puntos,12,9.67288416666666,5.41319977750334,13.932568555829981,11,0.00040380569678897155,0.014537005084402976,True
Real Madrid,defensa,12,5.365830746666667,2.369699142406542,8.361962350926792,10,0.0023049496673539374,0.0553187920164945,True
Barcelona,puntos,12,6.267792500000006,2.3482883819160953,10.187296618083916,11,0.004801333241385832,0.08642399834494498,True
Atlético de Madrid,ataque,12,4.663084403333332,1.5339640591437327,7.792204747522931,10,0.007334337547439575,0.10561446068312988,False
Real Valladolid,ataque,5,-3.9416505919999985,-6.3265611729399795,-1.5567400110600174,0,0.010116307257600656,0.12139568709120786,False
Atlético de Madrid,defensa,12,4.742954313333333,0.45884959023618155,9.027059036430483,10,0.033014014789662545,0.3016568411075647,False
Barcelona,ataque,12,4.784609486666663,0.4067018093694088,9.162517163963917,9,0.03489414503867498,0.3016568411075647,False
Alavés,ataque,9,-3.8980014738888875,-7.5527982977434185,-0.24320465003435654,2,0.03935220242510349,0.3016568411075647,False
Barcelona,defensa,12,3.5115130216666692,0.1538425661620555,6.869183477171283,8,0.04189678348716176,0.3016568411075647,False
Eibar,defensa,7,-3.7795968078571396,-7.654882998619657,0.0956893829053782,1,0.05428527868140953,0.3209927209535016,False
Granada,defensa,7,-5.038096660000008,-10.279014239321835,0.20282091932182045,2,0.056885766234610786,0.3209927209535016,False
Celta de Vigo,defensa,12,-3.286740744999999,-6.705266246860454,0.1317847568604562,3,0.0579570190610489,0.3209927209535016,False
Real Madrid,ataque,12,5.014439736666662,-0.3215147707962851,10.35039424412961,9,0.06295022951075706,0.3237440374838934,False
Villarreal,defensa,12,3.3271532133333364,-0.6212750358108226,7.275581462477495,8,0.0906239342042847,0.4096112678662385,False
Elche,defensa,5,4.189403555999999,-1.0597329665184745,9.438540078518473,4,0.09102472619249745,0.4096112678662385,False
Athletic Club,ataque,12,-2.718911738333333,-6.073611406809848,0.6357879301431817,5,0.10202512414863885,0.43210640815894097,False
Real Sociedad,defensa,12,-1.9681069533333364,-4.517433958099351,0.5812200514326786,4,0.11735362895159336,0.4493295288441859,False
Rayo Vallecano,ataque,8,-4.242068644999997,-9.882495626280633,1.3983583362806398,2,0.11857307011166018,0.4493295288441859,False
Eibar,puntos,7,-4.982145,-12.144410808161172,2.1801208081611723,1,0.13963485092108321,0.5026854633158996,False
Valencia,defensa,12,2.523481988333334,-1.230455185216388,6.277419161883056,8,0.1670524069053114,0.5727511093896391,False
Real Betis,puntos,11,2.3791599999999993,-1.308567962940955,6.066887962940953,8,0.18112209160280693,0.5741064184645139,False
Rayo Vallecano,puntos,8,-3.8780875000000012,-10.090018838730103,2.3338438387301013,3,0.18339510589838637,0.5741064184645139,False
Leganés,puntos,5,-4.259561999999996,-11.911055500299824,3.3919315002998314,1,0.19708638256425537,0.5912591476927661,False
Osasuna,defensa,8,-3.530356823749994,-10.13016646706458,3.069452819564593,3,0.24639452257687786,0.7096162250214083,False
Celta de Vigo,puntos,12,-1.6355241666666611,-4.661950504857213,1.3909021715238907,5,0.25930604925617234,0.718078290247862,False
Leganés,ataque,5,-2.564481708999999,-8.54877815966902,3.419814741669022,1,0.29991643400006823,0.7848204948590307,False
Getafe,ataque,11,-1.3548594181818154,-4.148271638475246,1.4385528021116152,4,0.30520797022295637,0.7848204948590307,False
Villarreal,puntos,12,1.728484166666666,-2.215028862232151,5.671997195565483,7,0.35541738946787066,0.8405694956707682,False
Celta de Vigo,ataque,12,1.6553359699999994,-2.1488396612728367,5.459511601272835,9,0.3587760551070145,0.8405694956707682,False
Getafe,puntos,11,-1.4091104545454545,-4.815420050776282,1.9971991416853736,3,0.3783710834627369,0.8405694956707682,False
Las Palmas,defensa,5,2.9487664950000023,-5.528213026321641,11.425746016321646,3,0.3888349385353727,0.8405694956707682,False
Granada,puntos,7,-2.6994550000000004,-9.849174015995402,4.450264015995401,4,0.39120034240788526,0.8405694956707682,False
Alavés,puntos,9,-1.75155166666667,-6.414384710169278,2.911281376835938,3,0.41158877177271974,0.8405694956707682,False
Leganés,defensa,5,-1.6592871509999996,-7.105604715227468,3.7870304132274684,1,0.44525458999559314,0.8405694956707682,False
Real Valladolid,puntos,5,-3.3208760000000006,-14.244405588495775,7.602653588495775,3,0.44615362911944606,0.8405694956707682,False
Valencia,ataque,12,1.5471023116666676,-2.766098545525554,5.860303168858889,6,0.4465201311044128,0.8405694956707682,False
Sevilla,puntos,12,1.7389341666666651,-3.141745392218226,6.619613725551556,6,0.4494874331070711,0.8405694956707682,False
Espanyol,defensa,10,-1.6711555445000008,-6.646729173920868,3.3044180849208664,5,0.4668121274171285,0.8405694956707682,False
Eibar,ataque,7,-1.9718859921428604,-8.18616591914761,4.24239393486189,3,0.4669830531504268,0.8405694956707682,False
Levante,puntos,8,-1.8142062500000031,-8.102211298843873,4.473798798843867,3,0.5170203014408337,0.8750381050280012,False
Rayo Vallecano,defensa,8,-1.6997927049999964,-7.59842531568879,4.198839905688797,3,0.5175149062511603,0.8750381050280012,False
Athletic Club,puntos,12,-1.4668491666666654,-6.540279900294136,3.6065815669608057,7,0.5375600049190048,0.8750381050280012,False
Sevilla,defensa,12,-0.8725259949999996,-3.9179127150480837,2.1728607250480843,5,0.541182544320909,0.8750381050280012,False
Girona,ataque,6,1.8240255158333285,-5.436913117502477,9.084964149169133,3,0.5468988156425008,0.8750381050280012,False
Mallorca,puntos,6,-0.8923991666666692,-4.6599206892934255,2.875122355960087,3,0.5692013632493194,0.890923872911978,False
Getafe,defensa,11,0.8342466727272725,-2.7169967573772094,4.3854901028317546,6,0.6120784810377734,0.9038199490147365,False
Real Betis,ataque,11,0.9364581477272751,-3.0875079931369136,4.960424288591463,6,0.6153656702672193,0.9038199490147365,False
Real Betis,defensa,11,-0.9570653204545475,-5.511995665342089,3.597865024432994,4,0.6497016515448479,0.9038199490147365,False
Osasuna,puntos,8,-1.0150393749999997,-6.6018081598102105,4.571729409810211,3,0.6803866828834848,0.9038199490147365,False
Real Sociedad,puntos,12,-0.7090491666666686,-4.477695907024849,3.0595975736915118,3,0.6867586013326175,0.9038199490147365,False
Osasuna,ataque,8,-0.34280437625000026,-2.388826884840722,1.7032181323407216,3,0.703767497116943,0.9038199490147365,False
Elche,puntos,5,1.217089000000001,-7.123446703189302,9.557624703189305,4,0.7060988226574976,0.9038199490147365,False
Elche,ataque,5,1.032091384000005,-6.30268771181373,8.36687047981374,3,0.7159491240576096,0.9038199490147365,False
Las Palmas,puntos,5,-0.9282330000000094,-7.62326323363399,5.766797233633971,3,0.7198737483918166,0.9038199490147365,False
Valencia,puntos,12,0.8180591666666661,-4.234930127618369,5.871048460951701,6,0.7283332844536728,0.9038199490147365,False
Granada,ataque,7,0.8902405885714305,-5.648476671808245,7.4289578489511054,4,0.7503581593839704,0.9038199490147365,False
Girona,defensa,6,-1.0804120991666677,-9.428605066057347,7.267780867724011,2,0.7528700764418625,0.9038199490147365,False
Real Sociedad,ataque,12,0.7227667700000024,-4.228348711350847,5.673882251350852,7,0.7540045257382108,0.9038199490147365,False
Mallorca,defensa,6,-0.6696161216666666,-5.92929305442093,4.590060811087597,2,0.7567255431587965,0.9038199490147365,False
Real Valladolid,defensa,5,-1.3891125479999964,-14.025553381840687,11.247328285840695,3,0.775427410352897,0.9038199490147365,False
Espanyol,ataque,10,0.48509793449999866,-3.574781459695229,4.544977328695227,6,0.7930288605570543,0.9038199490147365,False
Mallorca,ataque,6,-0.4514316283333395,-4.7155290835951975,3.8126658269285185,3,0.7963927845713508,0.9038199490147365,False
Las Palmas,ataque,5,0.9305298850000016,-8.886822521456665,10.74788229145667,4,0.8054245350088548,0.9038199490147365,False
Villarreal,ataque,12,0.3744973616666671,-3.1555851725079185,3.9045798958412528,6,0.8196639877333568,0.9038199490147365,False
Levante,defensa,8,-0.7034715625000034,-8.10074477489956,6.6938016498995525,3,0.8285016199301751,0.9038199490147365,False
Sevilla,ataque,12,-0.3830477883333348,-4.732135976294685,3.9660403996280147,7,0.8498245849648451,0.9132443301114754,False
Girona,puntos,6,-0.6424174999999991,-10.52325287931848,9.238417879318483,1,0.8738165947283297,0.9222030708473972,False
Alavés,defensa,9,-0.2918817261111091,-4.751848377846184,4.168084925623966,4,0.8837779428954222,0.9222030708473972,False
Levante,ataque,8,-0.15935901250000217,-4.277130452279397,3.9584124272793924,3,0.9296497652519079,0.9562111871162482,False
Athletic Club,defensa,12,0.12075048833333095,-4.941272399428639,5.182773376095302,8,0.9590694577249399,0.9725774782562772,False
Espanyol,puntos,10,-0.06220449999999613,-5.144959226582816,5.020550226582823,7,0.9785175118563268,0.9785175118563268,False
