nombre,nombre_football_data,nombre_understat
Alavés,Alaves,Alaves
Almería,Almeria,Almeria
Athletic Club,Ath Bilbao,Athletic Club
Atlético de Madrid,Ath Madrid,Atletico Madrid
Barcelona,Barcelona,Barcelona
Cádiz,Cadiz,Cadiz
Celta de Vigo,Celta,Celta Vigo
Córdoba,Cordoba,Cordoba
Deportivo de La Coruña,La Coruna,Deportivo La Coruna
Eibar,Eibar,Eibar
Elche,Elche,Elche
Espanyol,Espanol,Espanyol
Getafe,Getafe,Getafe
Girona,Girona,Girona
Granada,Granada,Granada
Huesca,Huesca,SD Huesca
Las Palmas,Las Palmas,Las Palmas
Leganés,Leganes,Leganes
Levante,Levante,Levante
Málaga,Malaga,Malaga
Mallorca,Mallorca,Mallorca
Osasuna,Osasuna,Osasuna
Rayo Vallecano,Vallecano,Rayo Vallecano
Real Betis,Betis,Real Betis
Real Madrid,Real Madrid,Real Madrid
Real Oviedo,Oviedo,Real Oviedo
Real Sociedad,Sociedad,Real Sociedad
Real Valladolid,Valladolid,Real Valladolid
Real Zaragoza,Zaragoza,
Sevilla,Sevilla,Sevilla
Sporting de Gijón,Sp Gijon,Sporting Gijon
Valencia,Valencia,Valencia
Villarreal,Villarreal,Villarreal
