fichero,url,descargado_utc
football_data/SP1_2014-15.csv,https://www.football-data.co.uk/mmz4281/1415/SP1.csv,2026-09-24T16:07:43+00:00
football_data/SP1_2015-16.csv,https://www.football-data.co.uk/mmz4281/1516/SP1.csv,2026-09-24T16:07:46+00:00
football_data/SP1_2016-17.csv,https://www.football-data.co.uk/mmz4281/1617/SP1.csv,2026-09-24T16:07:51+00:00
football_data/SP1_2017-18.csv,https://www.football-data.co.uk/mmz4281/1718/SP1.csv,2026-09-24T16:07:55+00:00
football_data/SP1_2018-19.csv,https://www.football-data.co.uk/mmz4281/1819/SP1.csv,2026-09-24T16:07:59+00:00
football_data/SP1_2019-20.csv,https://www.football-data.co.uk/mmz4281/1920/SP1.csv,2026-09-24T16:08:02+00:00
football_data/SP1_2020-21.csv,https://www.football-data.co.uk/mmz4281/2021/SP1.csv,2026-09-24T16:08:49+00:00
football_data/SP1_2021-22.csv,https://www.football-data.co.uk/mmz4281/2122/SP1.csv,2026-09-24T16:08:54+00:00
football_data/SP1_2022-23.csv,https://www.football-data.co.uk/mmz4281/2223/SP1.csv,2026-09-24T16:08:58+00:00
football_data/SP1_2023-24.csv,https://www.football-data.co.uk/mmz4281/2324/SP1.csv,2026-09-24T16:09:02+00:00
football_data/SP1_2024-25.csv,https://www.football-data.co.uk/mmz4281/2425/SP1.csv,2026-09-24T16:09:06+00:00
football_data/SP1_2025-26.csv,https://www.football-data.co.uk/mmz4281/2526/SP1.csv,2026-09-24T16:09:13+00:00
understat/La_liga_2014-15.json,https://understat.com/getLeagueData/La_liga/2014,2026-09-24T16:09:16+00:00
understat/La_liga_2015-16.json,https://understat.com/getLeagueData/La_liga/2015,2026-09-24T16:09:19+00:00
understat/La_liga_2016-17.json,https://understat.com/getLeagueData/La_liga/2016,2026-09-24T16:09:21+00:00
understat/La_liga_2017-18.json,https://understat.com/getLeagueData/La_liga/2017,2026-09-24T16:09:24+00:00
understat/La_liga_2018-19.json,https://understat.com/getLeagueData/La_liga/2018,2026-09-24T16:09:26+00:00
understat/La_liga_2019-20.json,https://understat.com/getLeagueData/La_liga/2019,2026-09-24T16:09:29+00:00
understat/La_liga_2020-21.json,https://understat.com/getLeagueData/La_liga/2020,2026-09-24T16:09:32+00:00
understat/La_liga_2021-22.json,https://understat.com/getLeagueData/La_liga/2021,2026-09-24T16:09:34+00:00
understat/La_liga_2022-23.json,https://understat.com/getLeagueData/La_liga/2022,2026-09-24T16:09:37+00:00
understat/La_liga_2023-24.json,https://understat.com/getLeagueData/La_liga/2023,2026-09-24T16:09:40+00:00
understat/La_liga_2024-25.json,https://understat.com/getLeagueData/La_liga/2024,2026-09-24T16:09:42+00:00
understat/La_liga_2025-26.json,https://understat.com/getLeagueData/La_liga/2025,2026-09-24T16:09:45+00:00
football_data/SP1_2012-13.csv,https://www.football-data.co.uk/mmz4281/1213/SP1.csv,2026-09-24T17:16:55+00:00
football_data/SP1_2013-14.csv,https://www.football-data.co.uk/mmz4281/1314/SP1.csv,2026-09-24T17:17:01+00:00
